ticker,exchange,type
RELIANCE,NSE,EQ
TCS,NSE,EQ
HDFCBANK,NSE,EQ
ICICIBANK,NSE,EQ
INFY,NSE,EQ
SBIN,NSE,EQ
BHARTIARTL,NSE,EQ
HINDUNILVR,NSE,EQ
ITC,NSE,EQ
LT,NSE,EQ
BAJFINANCE,NSE,EQ
HCLTECH,NSE,EQ
KOTAKBANK,NSE,EQ
AXISBANK,NSE,EQ
MARUTI,NSE,EQ
SUNPHARMA,NSE,EQ
TITAN,NSE,EQ
ULTRACEMCO,NSE,EQ
TATAMOTORS,NSE,EQ
NTPC,NSE,EQ
BAJAJFINSV,NSE,EQ
ASIANPAINT,NSE,EQ
NESTLEIND,NSE,EQ
M&M,NSE,EQ
POWERGRID,NSE,EQ
TATASTEEL,NSE,EQ
HDFCLIFE,NSE,EQ
WIPRO,NSE,EQ
JSWSTEEL,NSE,EQ
TECHM,NSE,EQ
ADANIENT,NSE,EQ
GRASIM,NSE,EQ
HINDALCO,NSE,EQ
DRREDDY,NSE,EQ
ONGC,NSE,EQ
COALINDIA,NSE,EQ
SBILIFE,NSE,EQ
DIVISLAB,NSE,EQ
BRITANNIA,NSE,EQ
CIPLA,NSE,EQ
EICHERMOT,NSE,EQ
APOLLOHOSP,NSE,EQ
TATACONSUM,NSE,EQ
BPCL,NSE,EQ
UPL,NSE,EQ
BAJAJ-AUTO,NSE,EQ
HEROMOTOCO,NSE,EQ
SHREECEM,NSE,EQ
INDUSINDBK,NSE,EQ
HDFCAMC,NSE,EQ
